secs,km,alt
1,0.00844,584.6
2,0.0169933,584.6
3,0.0255467,584.6
4,0.0341,584.6
5,0.040515,584.6
6,0.04693,584.6
7,0.053345,584.6
8,0.05976,584.6
9,0.066192,584.6
10,0.072624,584.6
11,0.079056,584.6
12,0.085488,584.6
13,0.09192,584.6
14,0.0999625,584.6
15,0.108005,584.6
16,0.116047,584.6
17,0.12409,584.6
18,0.130522,584.64
19,0.136954,584.68
20,0.143386,584.72
21,0.149818,584.76
22,0.15625,584.8
23,0.162682,584.84
24,0.169114,584.88
25,0.175546,584.92
26,0.181978,584.96
27,0.18841,585
28,0.19708,585.2
29,0.20575,585.4
30,0.21442,585.6
31,0.220925,585.65
32,0.22743,585.7
33,0.233935,585.75
34,0.24044,585.8
35,0.246943,585.85
36,0.253445,585.9
37,0.259947,585.95
38,0.26645,586
39,0.275415,586.2
40,0.28438,586.4
41,0.290357,586.4
42,0.296333,586.4
43,0.30231,586.4
44,0.30821,586.467
45,0.31411,586.533
46,0.32001,586.6
47,0.32886,586.5
48,0.33771,586.4
49,0.34561,586.4
50,0.35351,586.4
51,0.360347,586.4
52,0.367185,586.4
53,0.374022,586.4
54,0.38086,586.4
55,0.38692,586.4
56,0.39298,586.4
57,0.39904,586.4
58,0.405433,586.533
59,0.411827,586.667
60,0.41822,586.8
61,0.426557,587.067
62,0.434893,587.333
63,0.44323,587.6
64,0.450665,588.2
65,0.4581,588.8
66,0.464495,589.6
67,0.47089,590.4
68,0.477065,591.3
69,0.48324,592.2
70,0.488903,592.8
71,0.494567,593.4
72,0.50023,594
73,0.51027,595.6
74,0.517853,596
75,0.525437,596.4
76,0.53302,596.8
77,0.53767,597.2
78,0.54777,597.8
79,0.55514,597.2
80,0.55894,596.7
81,0.56274,596.2
82,0.57425,593.2
83,0.57851,591.4
84,0.58486,589.6
85,0.59407,585.4
86,0.59837,583.4
87,0.61036,579
88,0.61603,575.2
89,0.62275,573.4
90,0.63057,571.8
91,0.637046,571.48
92,0.643522,571.16
93,0.649998,570.84
94,0.656474,570.52
95,0.66295,570.2
96,0.669345,569.8
97,0.67574,569.4
98,0.682135,569
99,0.68853,568.6
100,0.69966,567.4
101,0.706713,567.067
102,0.713767,566.733
103,0.72082,566.4
104,0.72859,565.6
105,0.73247,565.4
106,0.74301,565
107,0.74747,565.1
108,0.75193,565.2
109,0.75865,565.4
110,0.76882,566.2
111,0.77557,567.4
112,0.78463,568
113,0.788745,568.3
114,0.79397,569.2
115,0.80432,569.6
116,0.80911,569.8
117,0.81871,570
118,0.8259,570
119,0.83309,570
120,0.8383,570
121,0.84351,570
122,0.85351,569.6
123,0.85872,569.2
124,0.86446,568.8
125,0.87397,567.6
126,0.8806,566.8
127,0.88735,566.4
128,0.8941,566
129,0.900894,565.8
130,0.907688,565.6
131,0.914482,565.4
132,0.921276,565.2
133,0.92807,565
134,0.935163,564.733
135,0.942257,564.467
136,0.94935,564.2
137,0.95501,563.933
138,0.96067,563.667
139,0.96633,563.4
140,0.973124,563.24
141,0.979918,563.08
142,0.986712,562.92
143,0.993506,562.76
144,1.0003,562.6
145,1.00864,562.4
146,1.01697,562.2
147,1.02531,562
148,1.03365,561.8
149,1.03987,561.68
150,1.04609,561.56
151,1.05232,561.44
152,1.05854,561.32
153,1.06476,561.2
154,1.07301,561.067
155,1.08127,560.933
156,1.08952,560.8
157,1.0973,560.6
158,1.10371,560.533
159,1.11012,560.467
160,1.11653,560.4
161,1.12294,560.4
162,1.12936,560.4
163,1.13577,560.4
164,1.1415,560.4
165,1.14724,560.4
166,1.15537,560.467
167,1.16349,560.533
168,1.17162,560.6
169,1.1781,560.68
170,1.18459,560.76
171,1.19107,560.84
172,1.19756,560.92
173,1.20404,561
174,1.21064,561.08
175,1.21723,561.16
176,1.22383,561.24
177,1.23042,561.32
178,1.23702,561.4
179,1.24486,561.6
180,1.25271,561.8
181,1.26055,562
182,1.27059,562.4
183,1.27605,562.7
184,1.28151,563
185,1.2891,563.4
186,1.29629,563.6
187,1.30191,563.8
188,1.30989,563.6
189,1.31654,563.4
190,1.32542,563
191,1.33365,562.6
192,1.3389,562.333
193,1.34416,562.067
194,1.34941,561.8
195,1.36033,560.8
196,1.36697,559.8
197,1.37172,559.2
198,1.37646,558.6
199,1.38359,558.2
200,1.39072,557.8
201,1.39785,557.4
202,1.40498,557.2
203,1.41211,557
204,1.41924,556.8
205,1.42873,555.4
206,1.43476,554.933
207,1.44078,554.467
208,1.44681,554
209,1.45429,553.65
210,1.46176,553.3
211,1.46923,552.95
212,1.47671,552.6
213,1.4862,551.4
214,1.49009,550.8
215,1.49397,550.2
216,1.50186,549.5
217,1.50975,548.8
218,1.51819,547.6
219,1.52663,546.6
220,1.53439,545.6
221,1.54027,544.6
222,1.54894,542.8
223,1.55441,542.4
224,1.55988,542
225,1.56661,541.4
226,1.57041,540.6
227,1.58055,540.2
228,1.59068,539.8
229,1.59749,539.4
230,1.60431,539
231,1.60965,538.75
232,1.61499,538.5
233,1.62034,538.25
234,1.62568,538
235,1.6328,537.8
236,1.63992,537.6
237,1.64795,536.6
238,1.65749,536.1
239,1.66703,535.6
240,1.6737,535.2
241,1.68038,534.8
242,1.68705,534.4
243,1.69159,533.9
244,1.69614,533.4
245,1.70295,532.9
246,1.70977,532.4
247,1.71803,531.2
248,1.72462,530.95
249,1.73121,530.7
250,1.7378,530.45
251,1.74439,530.2
252,1.75318,530
253,1.76196,529.8
254,1.77075,529.6
255,1.77621,529.35
256,1.78167,529.1
257,1.78712,528.85
258,1.79258,528.6
259,1.79986,528.4
260,1.80714,528.2
261,1.81442,528
262,1.82115,527.84
263,1.82787,527.68
264,1.8346,527.52
265,1.84132,527.36
266,1.84805,527.2
267,1.85684,526.933
268,1.86563,526.667
269,1.87442,526.4
270,1.87987,526.267
271,1.88533,526.133
272,1.89532,525.6
273,1.90223,525.5
274,1.90914,525.4
275,1.91515,525.4
276,1.92116,525.4
277,1.92747,525.5
278,1.93378,525.6
279,1.94261,525.8
280,1.95023,526.6
281,1.95448,527.2
282,1.95954,527.8
283,1.96736,528.8
284,1.97679,529.6
285,1.98593,529.8
286,1.99086,530
287,1.99438,529.8
288,2.00073,529.4
289,2.01137,529
290,2.0171,528.6
291,2.02284,528.2
292,2.02947,527.6
293,2.03611,527
294,2.0489,525.6
295,2.05319,524.8
296,2.05747,524
297,2.06477,523.5
298,2.07207,523
299,2.07938,522.5
300,2.08668,522
301,2.09398,521.7
302,2.10128,521.4
303,2.10859,521.1
304,2.11589,520.8
305,2.12315,520.067
306,2.13041,519.333
307,2.13767,518.6
308,2.14435,518.12
309,2.15103,517.64
310,2.1577,517.16
311,2.16438,516.68
312,2.17106,516.2
313,2.1784,515.6
314,2.18574,515
315,2.19308,514.4
316,2.20042,513.8
317,2.20521,511.6
318,2.21518,509.6
319,2.21898,507.8
320,2.22444,507
321,2.2299,506.2
322,2.24174,504.6
323,2.24667,503.2
324,2.2524,502
325,2.26439,499.8
326,2.27002,498.8
327,2.27424,498.3
328,2.27846,497.8
329,2.2876,497
330,2.29432,496.6
331,2.30103,496.2
332,2.30775,495.8
333,2.31447,495.6
334,2.32118,495.4
335,2.3279,495.2
336,2.33704,494.7
337,2.34617,494.2
338,2.35226,494
339,2.35834,493.8
340,2.36443,493.6
341,2.36873,492.6
342,2.37792,492.267
343,2.38711,491.933
344,2.3963,491.6
345,2.40319,491.5
346,2.41009,491.4
347,2.41698,491.3
348,2.42387,491.2
349,2.43076,491.05
350,2.43765,490.9
351,2.44455,490.75
352,2.45144,490.6
353,2.4575,490.35
354,2.46357,490.1
355,2.46963,489.85
356,2.47569,489.6
357,2.48378,489.4
358,2.49186,489.2
359,2.49995,489
360,2.5066,488.667
361,2.51326,488.333
362,2.51991,488
363,2.52656,487.867
364,2.53322,487.733
365,2.5413,486.6
366,2.54714,486.44
367,2.55298,486.28
368,2.55881,486.12
369,2.56465,485.96
370,2.57049,485.8
371,2.57778,485.7
372,2.58508,485.6
373,2.59238,485.5
374,2.59967,485.4
375,2.60647,485.133
376,2.61328,484.867
377,2.62008,484.6
378,2.631,484
379,2.63763,483.733
380,2.64427,483.467
381,2.6509,483.2
382,2.65706,483.067
383,2.66321,482.933
384,2.66937,482.8
385,2.67743,482.4
386,2.68361,482.3
387,2.68978,482.2
388,2.70023,481.8
389,2.70782,481.8
390,2.71235,481.6
391,2.71797,481.6
392,2.728,481.6
393,2.73431,481.6
394,2.74063,481.6
395,2.74694,481.6
396,2.75256,481.5
397,2.75819,481.4
398,2.76778,481.4
399,2.77775,481.2
400,2.78347,481.133
401,2.78918,481.067
402,2.7973,480.8
403,2.80417,480.75
404,2.81103,480.7
405,2.8179,480.65
406,2.82477,480.6
407,2.83164,480.5
408,2.83851,480.4
409,2.84538,480.3
410,2.85225,480.2
411,2.85834,480.1
412,2.86444,480
413,2.87054,479.9
414,2.87663,479.8
415,2.88462,479.667
416,2.89262,479.533
417,2.90061,479.4
418,2.90764,479.2
419,2.91467,479
420,2.92281,478.7
421,2.93094,478.4
422,2.93587,477.8
423,2.9416,477
424,2.94824,476.5
425,2.95487,476
426,2.96079,475.5
427,2.96671,475
428,2.97429,474.5
429,2.98188,474
430,2.98939,473.533
431,2.99691,473.067
432,3.00442,472.6
433,3.01193,472.333
434,3.01945,472.067
435,3.02696,471.8
436,3.03295,471.1
437,3.03895,470.4
438,3.04531,469.5
439,3.05168,468.6
440,3.05808,468
441,3.06449,467.4
442,3.07089,466.8
443,3.08037,465.8
444,3.08984,464.8
445,3.09649,464.3
446,3.10315,463.8
447,3.10981,463.3
448,3.11646,462.8
449,3.12245,462.133
450,3.12843,461.467
451,3.13442,460.8
452,3.14585,459
453,3.15257,458.4
454,3.15929,457.8
455,3.16601,457.2
456,3.17205,456.667
457,3.17809,456.133
458,3.18634,454.2
459,3.19311,453.8
460,3.19987,453.4
461,3.20664,453
462,3.21556,452.2
463,3.22074,451.8
464,3.22592,451.4
465,3.23435,451.2
466,3.24278,451
467,3.24623,450.8
468,3.25405,450.7
469,3.26187,450.6
470,3.2664,450.8
471,3.27361,450.9
472,3.28082,451
473,3.28748,451.067
474,3.29413,451.133
475,3.30641,451.6
476,3.31313,452.2
477,3.31815,452.5
478,3.32661,453.4
479,3.33162,453.8
480,3.33664,454.2
481,3.34289,454.6
482,3.34914,455
483,3.36165,455.8
484,3.3679,456.3
485,3.37415,456.8
486,3.37999,457.3
487,3.38583,457.8
488,3.39246,458.133
489,3.3991,458.467
490,3.40573,458.8
491,3.4157,460
492,3.42069,460.7
493,3.42912,462.6
494,3.4372,463.4
495,3.44528,464.2
496,3.44977,464.9
497,3.45427,465.6
498,3.46611,467.2
499,3.47256,467.52
500,3.47901,467.84
501,3.48545,468.16
502,3.4919,468.48
503,3.49835,468.8
504,3.5044,469.15
505,3.51044,469.5
506,3.51649,469.85
507,3.52254,470.2
508,3.5303,470.733
509,3.53805,471.267
510,3.54581,471.8
511,3.55585,473
512,3.56203,473.5
513,3.5682,474
514,3.57394,474.5
515,3.57967,475
516,3.58713,475.333
517,3.5946,475.667
518,3.60206,476
519,3.60726,476.8
520,3.61659,477
521,3.62591,477.2
522,3.63117,477.333
523,3.63643,477.467
524,3.64169,477.6
525,3.64886,477.8
526,3.65603,478
527,3.66607,478.2
528,3.67248,478.2
529,3.67889,478.2
530,3.6877,478.2
531,3.69351,478.2
532,3.69932,478.2
533,3.70513,478.2
534,3.71094,478.2
535,3.71869,478.2
536,3.72643,478.2
537,3.73418,478.2
538,3.74339,478.2
539,3.74913,478.133
540,3.75486,478.067
541,3.7606,478
542,3.76893,477.9
543,3.77725,477.8
544,3.78265,477.733
545,3.78805,477.667
546,3.79345,477.6
547,3.80028,477.533
548,3.80711,477.467
549,3.8168,477.2
550,3.82254,477.1
551,3.82828,477
552,3.8392,476.8
553,3.84777,476.6
554,3.85257,476.4
555,3.8608,476.2
556,3.86526,476.1
557,3.86972,476
558,3.87662,475.6
559,3.88352,475.4
560,3.89037,475.267
561,3.89723,475.133
562,3.90408,475
563,3.91127,474.8
564,3.91847,474.6
565,3.9299,474.2
566,3.93454,473.9
567,3.93918,473.6
568,3.94953,473
569,3.95552,472.8
570,3.9615,472.6
571,3.96749,472.4
572,3.97592,472
573,3.98435,471.6
574,3.99097,471.44
575,3.99759,471.28
576,4.00422,471.12
577,4.01084,470.96
578,4.01746,470.8
579,4.02408,470.72
580,4.0307,470.64
581,4.03733,470.56
582,4.04395,470.48
583,4.05057,470.4
584,4.059,470
585,4.06744,469.6
586,4.07447,469.45
587,4.08149,469.3
588,4.08852,469.15
589,4.09554,469
590,4.10299,468.8
591,4.11045,468.6
592,4.1179,468.4
593,4.12352,467.8
594,4.13024,467.2
595,4.13847,466.6
596,4.14498,466.4
597,4.15149,466.2
598,4.15853,465.9
599,4.16556,465.6
600,4.17074,465.4
601,4.17831,464.8
602,4.18415,464.4
603,4.19272,464
604,4.19789,463.8
605,4.20307,463.6
606,4.2145,463.2
607,4.22012,462.8
608,4.229,462.6
609,4.23401,462.4
610,4.24247,461.8
611,4.24937,461.4
612,4.25502,461.3
613,4.26068,461.2
614,4.26633,461.1
615,4.27199,461
616,4.27898,460.92
617,4.28597,460.84
618,4.29295,460.76
619,4.29994,460.68
620,4.30693,460.6
621,4.31717,460.5
622,4.32741,460.4
623,4.33086,460
624,4.34015,459.6
625,4.34577,459.2
626,4.35131,458.8
627,4.36137,458
628,4.36857,457.4
629,4.37536,457.267
630,4.38215,457.133
631,4.38894,457
632,4.39573,456.8
633,4.40252,456.6
634,4.40931,456.4
635,4.41738,456
636,4.42276,455.867
637,4.42815,455.733
638,4.43353,455.6
639,4.4435,455.2
640,4.45173,454.8
641,4.45626,454.6
642,4.46188,454.6
643,4.47191,454.4
644,4.47692,454.5
645,4.48194,454.6
646,4.48975,454.6
647,4.49717,454.733
648,4.5046,454.867
649,4.51202,455
650,4.51944,455.067
651,4.52686,455.133
652,4.53428,455.2
653,4.5417,455.333
654,4.54912,455.467
655,4.55654,455.6
656,4.56261,455.7
657,4.56868,455.8
658,4.57475,455.9
659,4.58082,456
660,4.58891,456.067
661,4.597,456.133
662,4.60509,456.2
663,4.61164,456.28
664,4.61818,456.36
665,4.62473,456.44
666,4.63127,456.52
667,4.63782,456.6
668,4.64437,456.68
669,4.65091,456.76
670,4.65746,456.84
671,4.664,456.92
672,4.67055,457
673,4.67709,457.04
674,4.68364,457.08
675,4.69018,457.12
676,4.69673,457.16
677,4.70327,457.2
678,4.71145,457.25
679,4.71964,457.3
680,4.72782,457.35
681,4.736,457.4
682,4.74255,457.44
683,4.74909,457.48
684,4.75564,457.52
685,4.76218,457.56
686,4.76873,457.6
687,4.77663,457.9
688,4.78453,458.2
689,4.79085,458.28
690,4.79718,458.36
691,4.8035,458.44
692,4.80983,458.52
693,4.81615,458.6
694,4.82463,458.8
695,4.8331,459
696,4.8407,459.4
697,4.84576,459.8
698,4.8552,460.6
699,4.85871,461
700,4.86434,461.4
701,4.87279,461.7
702,4.88123,462
703,4.88758,462.6
704,4.89321,462.867
705,4.89883,463.133
706,4.90446,463.4
707,4.91167,463.6
708,4.91888,463.8
709,4.92609,464
710,4.9333,464.2
711,4.94081,464.533
712,4.94831,464.867
713,4.95582,465.2
714,4.96333,465.4
715,4.97083,465.6
716,4.97834,465.8
717,4.98573,466.2
718,4.99313,466.6
719,5.00052,467
720,5.00606,467.15
721,5.01161,467.3
722,5.01716,467.45
723,5.0227,467.6
724,5.03,467.95
725,5.03729,468.3
726,5.04458,468.65
727,5.05188,469
728,5.05918,469.2
729,5.06648,469.4
730,5.07377,469.6
731,5.08107,469.8
732,5.08742,470.6
733,5.09377,471.4
734,5.10012,471.867
735,5.10648,472.333
736,5.11283,472.8
737,5.1202,473.333
738,5.12756,473.867
739,5.13493,474.4
740,5.1465,477.4
741,5.15152,478.1
742,5.15654,478.8
743,5.16308,479.2
744,5.16961,479.6
745,5.17614,480
746,5.18268,480.4
747,5.19003,481.1
748,5.19737,481.8
749,5.20417,482.267
750,5.21098,482.733
751,5.21778,483.2
752,5.22441,483.6
753,5.23105,484
754,5.23768,484.4
755,5.24485,485.1
756,5.25202,485.8
757,5.25882,486.2
758,5.26563,486.6
759,5.27817,488.2
760,5.28383,488.6
761,5.2895,489
762,5.29516,489.4
763,5.3036,489.733
764,5.31204,490.067
765,5.32048,490.4
766,5.32718,490.9
767,5.33387,491.4
768,5.3392,491.8
769,5.34452,492.2
770,5.3542,493
771,5.3618,493.6
772,5.36916,494.2
773,5.37552,494.5
774,5.38188,494.8
775,5.3837,495.4
776,5.39218,495.5
777,5.40066,495.6
778,5.40914,495.7
779,5.41762,495.8
780,5.4223,496.4
781,5.42906,496.533
782,5.43581,496.667
783,5.44257,496.8
784,5.44621,497.2
785,5.45912,497.6
786,5.46185,498.2
787,5.46858,498.4
788,5.47531,498.6
789,5.48204,498.8
790,5.48877,498.867
791,5.4955,498.933
792,5.50223,499
793,5.51049,499.4
794,5.51874,499.8
795,5.52675,500
796,5.53477,500.2
797,5.54278,500.4
798,5.54919,500.667
799,5.55559,500.933
800,5.562,501.2
801,5.56846,501.6
802,5.57492,502
803,5.58168,502.267
804,5.58843,502.533
805,5.59519,502.8
806,5.60195,503.067
807,5.6087,503.333
808,5.61546,503.6
809,5.62147,504.1
810,5.62748,504.6
811,5.63457,504.933
812,5.64165,505.267
813,5.64874,505.6
814,5.65583,505.733
815,5.66292,505.867
816,5.67381,507
817,5.68061,507.24
818,5.68741,507.48
819,5.69422,507.72
820,5.70102,507.96
821,5.70782,508.2
822,5.71462,508.32
823,5.72142,508.44
824,5.72823,508.56
825,5.73503,508.68
826,5.74183,508.8
827,5.74863,508.88
828,5.75543,508.96
829,5.76224,509.04
830,5.76904,509.12
831,5.77584,509.2
832,5.78264,509.28
833,5.78944,509.36
834,5.79625,509.44
835,5.80305,509.52
836,5.80985,509.6
837,5.81742,509.8
838,5.82499,510
839,5.83256,510.2
840,5.84013,510.4
841,5.84619,510.48
842,5.85225,510.56
843,5.8583,510.64
844,5.86436,510.72
845,5.87042,510.8
846,5.87763,511
847,5.88484,511.2
848,5.89204,511.4
849,5.89925,511.6
850,5.90646,511.65
851,5.91366,511.7
852,5.92087,511.75
853,5.92808,511.8
854,5.93506,511.95
855,5.94205,512.1
856,5.94903,512.25
857,5.95602,512.4
858,5.963,512.4
859,5.96999,512.4
860,5.97697,512.4
861,5.98396,512.4
862,5.99046,512.48
863,5.99696,512.56
864,6.00346,512.64
865,6.00996,512.72
866,6.01646,512.8
867,6.02363,512.8
868,6.03079,512.8
869,6.03796,512.8
870,6.04512,512.8
871,6.05228,512.85
872,6.05945,512.9
873,6.06662,512.95
874,6.07378,513
875,6.08094,513
876,6.08811,513
877,6.09527,513
878,6.10244,513
879,6.10956,513
880,6.11669,513
881,6.12381,513
882,6.12938,513
883,6.13494,513
884,6.14051,513
885,6.14986,513
886,6.16083,513.2
887,6.16641,513.25
888,6.17199,513.3
889,6.17758,513.35
890,6.18316,513.4
891,6.1906,513.4
892,6.19805,513.4
893,6.20549,513.4
894,6.21201,513.467
895,6.21854,513.533
896,6.22506,513.6
897,6.23159,513.667
898,6.23811,513.733
899,6.25009,514.2
900,6.25699,514.35
901,6.26389,514.5
902,6.27078,514.65
903,6.27768,514.8
904,6.28458,514.9
905,6.29148,515
906,6.29838,515.1
907,6.30528,515.2
908,6.31218,515.25
909,6.31907,515.3
910,6.32597,515.35
911,6.33287,515.4
912,6.34014,515.7
913,6.34742,516
914,6.35469,517
915,6.36105,517.6
916,6.36931,518.2
917,6.37524,518.5
918,6.38117,518.8
919,6.38965,519.4
920,6.39701,520
921,6.40168,520.4
922,6.40994,520.8
923,6.41595,521
924,6.42196,521.2
925,6.42753,521.4
926,6.434,522
927,6.44587,522.2
928,6.45071,522.3
929,6.45555,522.4
930,6.46625,522.8
931,6.47055,522.9
932,6.48006,523
933,6.48385,523
934,6.49191,523
935,6.50096,523
936,6.50576,523
937,6.51055,523
938,6.52015,523
939,6.5236,522.8
940,6.53395,522.8
941,6.53913,522.8
942,6.5443,522.8
943,6.55554,522.8
944,6.5612,522.8
945,6.56686,522.8
946,6.57253,522.8
947,6.58383,522.8
948,6.58863,522.6
949,6.59342,522.6
950,6.60339,522.6
951,6.60923,522.6
952,6.61593,522.6
953,6.62256,522.4
954,6.6335,522.2
955,6.63882,522.2
956,6.64415,522.2
957,6.64947,522.1
958,6.6548,522
959,6.66327,522
960,6.67418,521.8
961,6.67798,521.8
962,6.68646,521.8
963,6.6956,522
964,6.69855,522
965,6.70986,522.6
966,6.71439,522.8
967,6.72313,523.4
968,6.729,524
969,6.73505,524.8
970,6.74429,525.2
971,6.7493,525.4
972,6.75542,525.8
973,6.76245,525.933
974,6.76949,526.067
975,6.77652,526.2
976,6.78096,526.4
977,6.79316,526.6
978,6.79649,527
979,6.80206,527.1
980,6.80762,527.2
981,6.82067,527.6
982,6.82588,527.6
983,6.83397,527.4
984,6.83684,527.4
985,6.84528,527.4
986,6.85385,527.4
987,6.85891,527.4
988,6.86653,527.6
989,6.87312,527.65
990,6.87971,527.7
991,6.8863,527.75
992,6.89289,527.8
993,6.90153,527.9
994,6.91016,528
995,6.91519,528.1
996,6.92022,528.2
997,6.92931,528.6
998,6.93712,528.8
999,6.94492,529
1000,6.95028,529.2
1001,6.95564,529.4
1002,6.961,529.6
1003,6.97328,530
1004,6.97728,530.3
1005,6.98127,530.6
1006,6.9939,531.2
1007,7.00063,531.8
1008,7.00652,532.4
1009,7.01326,533
1010,7.02088,534.4
1011,7.02719,534.7
1012,7.0335,535
1013,7.04023,535.16
1014,7.04696,535.32
1015,7.05369,535.48
1016,7.06042,535.64
1017,7.06715,535.8
1018,7.07388,535.84
1019,7.08061,535.88
1020,7.08734,535.92
1021,7.09407,535.96
1022,7.1008,536
1023,7.10754,536.2
1024,7.11428,536.4
1025,7.12102,536.6
1026,7.12776,536.733
1027,7.13449,536.867
1028,7.14123,537
1029,7.14797,537.2
1030,7.1606,538
1031,7.16625,538.133
1032,7.1719,538.267
1033,7.17755,538.4
1034,7.1859,538.6
1035,7.19425,538.8
1036,7.20185,539.2
1037,7.20867,539.32
1038,7.21549,539.44
1039,7.2223,539.56
1040,7.22912,539.68
1041,7.23594,539.8
1042,7.24151,540
1043,7.24707,540.2
1044,7.25622,540.6
1045,7.2638,540.7
1046,7.27138,540.8
1047,7.27896,540.9
1048,7.28654,541
1049,7.29261,541.04
1050,7.29867,541.08
1051,7.30474,541.12
1052,7.3108,541.16
1053,7.31687,541.2
1054,7.32288,541.4
1055,7.32889,541.6
1056,7.3376,541.9
1057,7.3463,542.2
1058,7.35306,542.4
1059,7.35981,542.6
1060,7.36657,542.8
1061,7.37663,543.4
1062,7.38364,543.6
1063,7.39064,543.8
1064,7.39765,544
1065,7.40447,544.4
1066,7.41129,544.8
1067,7.41674,545.067
1068,7.4222,545.333
1069,7.42765,545.6
1070,7.43681,546.6
1071,7.44333,546.933
1072,7.44986,547.267
1073,7.45638,547.6
1074,7.4629,547.867
1075,7.46943,548.133
1076,7.47959,549.6
1077,7.48608,549.88
1078,7.49258,550.16
1079,7.49907,550.44
1080,7.50557,550.72
1081,7.51206,551
1082,7.51855,551.16
1083,7.52505,551.32
1084,7.53154,551.48
1085,7.53804,551.64
1086,7.54453,551.8
1087,7.55265,551.95
1088,7.56076,552.1
1089,7.56888,552.25
1090,7.577,552.4
1091,7.58326,552.75
1092,7.58953,553.1
1093,7.59579,553.45
1094,7.60206,553.8
1095,7.60832,554
1096,7.61458,554.2
1097,7.62085,554.4
1098,7.63256,556
1099,7.63886,556.32
1100,7.64516,556.64
1101,7.65146,556.96
1102,7.65776,557.28
1103,7.66406,557.6
1104,7.67194,557.8
1105,7.67981,558
1106,7.68769,558.2
1107,7.69556,558.4
1108,7.70186,558.6
1109,7.70816,558.8
1110,7.71446,559
1111,7.72076,559.2
1112,7.72706,559.4
1113,7.73494,559.6
1114,7.74281,559.8
1115,7.75068,560
1116,7.75856,560.2
1117,7.76486,560.4
1118,7.77116,560.6
1119,7.77746,560.8
1120,7.78376,561
1121,7.79006,561.2
1122,7.79761,561.6
1123,7.80516,562
1124,7.8127,562.4
1125,7.82025,562.8
1126,7.82629,563
1127,7.83233,563.2
1128,7.83836,563.4
1129,7.8444,563.6
1130,7.85044,563.8
1131,7.85799,564
1132,7.86553,564.2
1133,7.87308,564.4
1134,7.88063,564.6
1135,7.88818,564.8
1136,7.89573,565
1137,7.90328,565.2
1138,7.91083,565.4
1139,7.91687,565.6
1140,7.92291,565.8
1141,7.92894,566
1142,7.93498,566.2
1143,7.94102,566.4
1144,7.94857,566.6
1145,7.95612,566.8
1146,7.96366,567
1147,7.97121,567.2
1148,7.97849,567.65
1149,7.98577,568.1
1150,7.99305,568.55
1151,8.00033,569
1152,8.00761,569.2
1153,8.01489,569.4
1154,8.02217,569.6
1155,8.02945,569.8
1156,8.03527,569.96
1157,8.0411,570.12
1158,8.04692,570.28
1159,8.05275,570.44
1160,8.05857,570.6
1161,8.06585,570.8
1162,8.07313,571
1163,8.08041,571.2
1164,8.09149,572.8
1165,8.09331,574.2
1166,8.10051,574.6
1167,8.1077,575
1168,8.1149,575.4
1169,8.12209,575.8
1170,8.12928,576
1171,8.13648,576.2
1172,8.14367,576.4
1173,8.15086,576.6
1174,8.15805,576.8
1175,8.16525,577
1176,8.17244,577.2
1177,8.17964,577.4
1178,8.18683,577.55
1179,8.19403,577.7
1180,8.20123,577.85
1181,8.20842,578
1182,8.21561,578.2
1183,8.22281,578.4
1184,8.23001,578.6
1185,8.2372,578.8
1186,8.24433,579.267
1187,8.25145,579.733
1188,8.25858,580.2
1189,8.26393,580.4
1190,8.26928,580.6
1191,8.27462,580.8
1192,8.27997,581
1193,8.28749,581.35
1194,8.295,581.7
1195,8.30251,582.05
1196,8.31003,582.4
1197,8.31754,582.6
1198,8.32506,582.8
1199,8.33258,583
1200,8.34009,583.2
1201,8.3476,583.35
1202,8.35512,583.5
1203,8.36264,583.65
1204,8.37015,583.8
1205,8.37616,583.96
1206,8.38217,584.12
1207,8.38819,584.28
1208,8.3942,584.44
1209,8.40021,584.6
1210,8.40809,585
1211,8.41598,585.4
1212,8.42386,585.8
1213,8.43023,586.15
1214,8.43661,586.5
1215,8.44299,586.85
1216,8.44936,587.2
1217,8.45573,587.4
1218,8.46211,587.6
1219,8.46848,587.8
1220,8.47485,588
1221,8.48335,588.2
1222,8.49184,588.4
1223,8.50034,588.6
1224,8.50684,588.88
1225,8.51333,589.16
1226,8.51983,589.44
1227,8.52632,589.72
1228,8.53282,590
1229,8.53931,590.12
1230,8.54581,590.24
1231,8.5523,590.36
1232,8.5588,590.48
1233,8.56529,590.6
1234,8.57341,590.75
1235,8.58152,590.9
1236,8.58964,591.05
1237,8.59776,591.2
1238,8.6014,592.8
1239,8.60914,593.2
1240,8.61689,593.6
1241,8.62269,593.8
1242,8.6285,594
1243,8.64066,595
1244,8.64248,595.4
1245,8.64983,595.6
1246,8.65719,595.8
1247,8.66491,595.933
1248,8.67262,596.067
1249,8.68034,596.2
1250,8.68748,596.3
1251,8.69463,596.4
1252,8.70178,596.5
1253,8.70892,596.6
1254,8.71606,596.7
1255,8.72321,596.8
1256,8.73035,596.9
1257,8.73749,597
1258,8.74463,597.05
1259,8.75178,597.1
1260,8.75892,597.15
1261,8.76607,597.2
1262,8.77236,597.35
1263,8.77865,597.5
1264,8.78494,597.65
1265,8.79123,597.8
1266,8.79752,597.85
1267,8.80381,597.9
1268,8.8101,597.95
1269,8.81639,598
1270,8.82478,598.133
1271,8.83316,598.267
1272,8.84155,598.4
1273,8.84915,599.2
1274,8.85516,599.7
1275,8.86118,600.2
1276,8.86788,600.5
1277,8.87458,600.8
1278,8.88128,601.1
1279,8.88798,601.4
1280,8.89468,601.55
1281,8.90138,601.7
1282,8.90808,601.85
1283,8.91478,602
1284,8.92148,602.15
1285,8.92818,602.3
1286,8.93489,602.45
1287,8.94159,602.6
1288,8.94793,603.067
1289,8.95428,603.533
1290,8.96062,604
1291,8.97014,604.4
1292,8.97966,604.8
1293,8.98697,605.25
1294,8.99429,605.7
1295,9.0016,606.15
1296,9.00891,606.6
1297,9.01476,606.76
1298,9.02061,606.92
1299,9.02645,607.08
1300,9.0323,607.24
1301,9.03815,607.4
1302,9.04546,607.65
1303,9.05278,607.9
1304,9.06009,608.15
1305,9.0674,608.4
1306,9.07486,609.4
1307,9.08232,610.4
1308,9.08885,611.067
1309,9.09539,611.733
1310,9.10192,612.4
1311,9.1086,612.95
1312,9.11528,613.5
1313,9.12196,614.05
1314,9.12864,614.6
1315,9.13532,614.9
1316,9.142,615.2
1317,9.14868,615.5
1318,9.15536,615.8
1319,9.16427,616.2
1320,9.17317,616.6
1321,9.18208,617
1322,9.18866,618.1
1323,9.19523,619.2
1324,9.2012,619.64
1325,9.20717,620.08
1326,9.21313,620.52
1327,9.2191,620.96
1328,9.22507,621.4
1329,9.23342,621.9
1330,9.24177,622.4
1331,9.25011,622.9
1332,9.25846,623.4
1333,9.26387,623.95
1334,9.26928,624.5
1335,9.27468,625.05
1336,9.28009,625.6
1337,9.2871,626.2
1338,9.29411,626.8
1339,9.30112,627.4
1340,9.31403,629.2
1341,9.3204,630.8
1342,9.3259,631.267
1343,9.33141,631.733
1344,9.33691,632.2
1345,9.34516,632.8
1346,9.35342,633.4
1347,9.36167,634.4
1348,9.36928,635.2
1349,9.37517,635.8
1350,9.38022,636.4
1351,9.39116,636.8
1352,9.39663,637
1353,9.4021,637.2
1354,9.41141,637.6
1355,9.41529,637.8
1356,9.42589,638.6
1357,9.43176,639.6
1358,9.43398,640.2
1359,9.4468,641.6
1360,9.45106,642.4
1361,9.45393,643.4
1362,9.46307,644.2
1363,9.47107,645.2
1364,9.47766,645.533
1365,9.48425,645.867
1366,9.49084,646.2
1367,9.49704,646.6
1368,9.50325,647
1369,9.51371,649.2
1370,9.5213,651.2
1371,9.5282,653
1372,9.53299,654.6
1373,9.53729,655.4
1374,9.54794,656.2
1375,9.55575,656.467
1376,9.56356,656.733
1377,9.57137,657
1378,9.57753,657.2
1379,9.5837,657.4
1380,9.58986,657.6
1381,9.59602,657.667
1382,9.60219,657.733
1383,9.60835,657.8
1384,9.61574,658.1
1385,9.62313,658.4
1386,9.63157,659
1387,9.63678,659.4
1388,9.64679,660.4
1389,9.65502,660.8
1390,9.65901,661
1391,9.663,661.2
1392,9.67192,661.8
1393,9.68085,662.2
1394,9.68991,662.6
1395,9.69483,662.667
1396,9.69974,662.733
1397,9.70466,662.8
1398,9.71272,663.2
1399,9.7205,663.6
1400,9.7314,664.6
1401,9.73645,664.8
1402,9.74151,665
1403,9.75087,665.4
1404,9.75555,666
1405,9.76336,666.2
1406,9.77116,666.4
1407,9.77792,666.6
1408,9.78467,666.8
1409,9.79143,667
1410,9.79814,667.267
1411,9.80484,667.533
1412,9.81155,667.8
1413,9.81826,668.067
1414,9.82496,668.333
1415,9.83167,668.6
1416,9.83813,668.867
1417,9.84458,669.133
1418,9.85104,669.4
1419,9.85777,669.667
1420,9.8645,669.933
1421,9.87123,670.2
1422,9.87796,670.4
1423,9.88469,670.6
1424,9.89142,670.8
1425,9.90148,671.3
1426,9.91154,671.8
1427,9.91825,672.067
1428,9.92495,672.333
1429,9.93166,672.6
1430,9.93832,672.8
1431,9.94497,673
1432,9.95162,673.2
1433,9.95828,673.4
1434,9.96493,673.5
1435,9.97159,673.6
1436,9.97824,673.7
1437,9.98489,673.8
1438,9.99155,673.95
1439,9.9982,674.1
1440,10.0049,674.25
1441,10.0115,674.4
1442,10.0185,674.8
1443,10.0255,675.2
1444,10.0314,676
1445,10.0394,676.8
1446,10.0464,677
1447,10.0534,677.2
1448,10.0605,677.4
1449,10.0675,677.6
1450,10.0745,677.7
1451,10.0815,677.8
1452,10.0885,677.9
1453,10.0955,678
1454,10.1025,678.15
1455,10.1095,678.3
1456,10.1165,678.45
1457,10.1235,678.6
1458,10.1305,678.7
1459,10.1375,678.8
1460,10.1445,678.9
1461,10.1515,679
1462,10.1582,679.2
1463,10.1649,679.4
1464,10.1716,679.6
1465,10.1783,679.667
1466,10.1849,679.733
1467,10.1916,679.8
1468,10.1982,680
1469,10.2047,680.2
1470,10.2113,680.4
1471,10.2215,680.6
1472,10.2317,680.8
1473,10.2352,681
1474,10.2387,681.2
1475,10.2462,681.2
1476,10.2538,681.2
1477,10.2613,681.2
1478,10.2713,681.2
1479,10.2761,681.1
1480,10.2808,681
1481,10.2941,680.2
1482,10.2998,680.08
1483,10.3056,679.96
1484,10.3113,679.84
1485,10.317,679.72
1486,10.3227,679.6
1487,10.3299,679.5
1488,10.337,679.4
1489,10.3442,679.3
1490,10.3514,679.2
1491,10.3599,678.867
1492,10.3685,678.533
1493,10.3771,678.2
1494,10.3833,677.9
1495,10.3895,677.6
1496,10.3957,677.3
1497,10.4019,677
1498,10.4081,676.85
1499,10.4143,676.7
1500,10.4205,676.55
1501,10.4267,676.4
1502,10.4349,676.2
1503,10.4432,676
1504,10.4515,675.8
1505,10.4577,674.6
1506,10.465,674
1507,10.4724,673.4
1508,10.4798,673.05
1509,10.4872,672.7
1510,10.4946,672.35
1511,10.5019,672
1512,10.5078,671.88
1513,10.5137,671.76
1514,10.5196,671.64
1515,10.5255,671.52
1516,10.5314,671.4
1517,10.5381,670.9
1518,10.551,669.4
1519,10.5566,669.2
1520,10.5622,669
1521,10.5679,668.8
1522,10.5735,668.6
1523,10.5791,668.4
1524,10.5861,668.25
1525,10.5932,668.1
1526,10.6002,667.95
1527,10.6072,667.8
1528,10.6143,667.7
1529,10.6213,667.6
1530,10.6283,667.5
1531,10.6368,667
1532,10.6434,666.9
1533,10.65,666.8
1534,10.6566,666.7
1535,10.6632,666.6
1536,10.672,666.533
1537,10.6807,666.467
1538,10.6895,666.4
1539,10.6961,666.4
1540,10.7027,666.4
1541,10.7093,666.4
1542,10.7159,666.4
1543,10.7232,666.35
1544,10.7305,666.3
1545,10.7378,666.25
1546,10.7451,666.2
1547,10.7503,666.2
1548,10.7555,666.2
1549,10.765,666
1550,10.7704,666
1551,10.7759,666
1552,10.7863,665.8
1553,10.7919,665.6
1554,10.7983,665.4
1555,10.805,665
1556,10.8152,664
1557,10.8188,663.6
1558,10.8224,663.2
1559,10.8334,662.2
1560,10.8384,661.8
1561,10.8435,661.4
1562,10.8562,660.2
1563,10.8616,659.867
1564,10.867,659.533
1565,10.8732,658
1566,10.8814,657.6
1567,10.8895,657.2
1568,10.8976,656.8
1569,10.9029,656.2
1570,10.9083,655.6
1571,10.9161,653.2
1572,10.9231,652
1573,10.9299,651.533
1574,10.9367,651.067
1575,10.9436,650.6
1576,10.9499,650.133
1577,10.9563,649.667
1578,10.9626,649.2
1579,10.9739,648
1580,10.9796,646.8
1581,10.9843,644.6
1582,10.9923,643.6
1583,11.0019,642.8
1584,11.0069,642.4
1585,11.0119,642
1586,11.0187,641.733
1587,11.0254,641.467
1588,11.0367,640.6
1589,11.0435,640.4
1590,11.0503,640.2
1591,11.0518,639.8
1592,11.0608,639.6
1593,11.0666,639.5
1594,11.0791,639.2
1595,11.0853,639.2
1596,11.09,639.2
1597,11.0948,639.2
1598,11.1033,639.267
1599,11.1117,639.333
1600,11.1202,639.4
1601,11.1251,639.4
1602,11.1325,639.5
1603,11.1399,639.6
1604,11.1467,639.667
1605,11.1535,639.733
1606,11.1603,639.8
1607,11.1688,639.8
1608,11.1745,640
1609,11.1801,640.2
1610,11.1869,640.267
1611,11.1937,640.333
1612,11.2005,640.4
1613,11.2074,640.4
1614,11.2142,640.4
1615,11.221,640.4
1616,11.229,640.467
1617,11.237,640.533
1618,11.245,640.6
1619,11.248,640.8
1620,11.2546,640.8
1621,11.2612,640.8
1622,11.2677,640.8
1623,11.2776,640.8
1624,11.2875,640.8
1625,11.2931,640.8
1626,11.2988,640.8
1627,11.3052,640.8
1628,11.3108,640.8
1629,11.3199,640.8
1630,11.3291,640.6
1631,11.3345,640.6
1632,11.3399,640.6
1633,11.3453,640.6
1634,11.3502,640.6
1635,11.3601,640.4
1636,11.3664,640.4
1637,11.3727,640.4
1638,11.3791,640.4
1639,11.3857,640.4
1640,11.3923,640.4
1641,11.4056,640.6
1642,11.4111,640.6
1643,11.4167,640.6
1644,11.4223,640.6
1645,11.4278,640.6
1646,11.4349,640.5
1647,11.4421,640.4
1648,11.449,640.4
1649,11.456,640.4
1650,11.463,640.4
1651,11.47,640.4
1652,11.4781,640.2
1653,11.4876,640
1654,11.4948,639
1655,11.5022,638.7
1656,11.5096,638.4
1657,11.5163,638
1658,11.523,637.6
1659,11.5279,637.1
1660,11.535,635.6
1661,11.5409,634.4
1662,11.5475,634
1663,11.5542,633.6
1664,11.5608,633.2
1665,11.5669,632.6
1666,11.5731,632
1667,11.5853,630.6
1668,11.5926,630
1669,11.6,629.4
1670,11.605,629
1671,11.61,628.6
1672,11.6149,628.2
1673,11.6234,627
1674,11.6305,626.667
1675,11.6376,626.333
1676,11.6448,626
1677,11.6523,625.8
1678,11.6598,625.6
1679,11.6673,625.4
1680,11.6749,625.2
1681,11.6796,624
1682,11.6853,623.8
1683,11.691,623.6
1684,11.7033,623.2
1685,11.7062,623
1686,11.7172,623
1687,11.7239,622.96
1688,11.7306,622.92
1689,11.7374,622.88
1690,11.7441,622.84
1691,11.7508,622.8
1692,11.7582,622.8
1693,11.7655,622.8
1694,11.771,622.8
1695,11.7765,622.8
1696,11.7826,622.8
1697,11.7888,622.8
1698,11.7972,622.6
1699,11.8045,622.5
1700,11.8118,622.4
1701,11.8205,622.2
1702,11.8291,622
1703,11.8349,621.867
1704,11.8407,621.733
1705,11.8465,621.6
1706,11.8533,621.467
1707,11.8602,621.333
1708,11.867,621.2
1709,11.8738,621.133
1710,11.8807,621.067
1711,11.8875,621
1712,11.8938,620.7
1713,11.9002,620.4
1714,11.9079,620
1715,11.9156,619.6
1716,11.9228,619.4
1717,11.9299,619.2
1718,11.937,619
1719,11.9442,618.8
1720,11.9514,618
1721,11.9578,617.667
1722,11.9642,617.333
1723,11.9705,617
1724,11.9769,616.867
1725,11.9833,616.733
1726,11.9924,615.8
1727,11.9991,615.6
1728,12.0058,615.4
1729,12.0126,615.2
1730,12.0193,615
1731,12.0261,614.8
1732,12.036,614.2
1733,12.0415,613.8
1734,12.047,613.4
1735,12.0543,613.2
1736,12.0616,613
1737,12.0689,612.8
1738,12.0762,612.6
1739,12.0844,612.2
1740,12.0896,612.1
1741,12.0947,612
1742,12.1023,611.8
1743,12.1099,611.7
1744,12.1175,611.6
1745,12.128,611.6
1746,12.1323,611.6
1747,12.141,611.6
1748,12.1474,611.4
1749,12.1556,611.4
1750,12.1598,611.4
1751,12.164,611.4
1752,12.1743,611.4
1753,12.1818,611.35
1754,12.1893,611.3
1755,12.1969,611.25
1756,12.2044,611.2
1757,12.2092,610.8
1758,12.2169,610.667
1759,12.2245,610.533
1760,12.2322,610.4
1761,12.238,610.35
1762,12.2438,610.3
1763,12.2496,610.25
1764,12.2553,610.2
1765,12.2623,610
1766,12.273,609.2
1767,12.2777,608.4
1768,12.2858,606.6
1769,12.2904,606.1
1770,12.2949,605.6
1771,12.3027,604.9
1772,12.3104,604.2
1773,12.3223,602.8
1774,12.3282,602.4
1775,12.3342,602
1776,12.3401,601.6
1777,12.3475,599.6
1778,12.3566,598
1779,12.3621,597.4
1780,12.3676,596.8
1781,12.373,596.2
1782,12.38,595.75
1783,12.3869,595.3
1784,12.3939,594.85
1785,12.4008,594.4
1786,12.4077,594.15
1787,12.4147,593.9
1788,12.4216,593.65
1789,12.4286,593.4
1790,12.4378,592.5
1791,12.4471,591.6
1792,12.4538,591.067
1793,12.4605,590.533
1794,12.4673,590
1795,12.4744,589.55
1796,12.4816,589.1
1797,12.4888,588.65
1798,12.496,588.2
1799,12.5027,587.6
1800,12.5094,587
1801,12.5162,586.4
1802,12.5221,585
1803,12.5273,584.4
1804,12.5326,583.8
1805,12.544,582.6
1806,12.5496,582.1
1807,12.5581,580.8
1808,12.5626,580.2
1809,12.5709,579.8
1810,12.5793,579.4
1811,12.5865,579.2
1812,12.5918,579.1
1813,12.5972,579
1814,12.6022,578.8
1815,12.6121,578.8
1816,12.6168,578.8
1817,12.6214,578.8
1818,12.6307,578.8
1819,12.64,578.8
1820,12.6462,578.8
1821,12.6524,578.8
1822,12.6616,578.8
1823,12.6668,578.8
1824,12.672,578.8
1825,12.6773,578.8
1826,12.6842,578.8
1827,12.6911,578.8
1828,12.7039,578.8
1829,12.7068,579
1830,12.7145,579
1831,12.7237,579.4
1832,12.7323,579.4
1833,12.7366,579.6
1834,12.7409,579.8
1835,12.7513,580
1836,12.7565,580.1
1837,12.7617,580.2
1838,12.7684,580.333
1839,12.775,580.467
1840,12.7816,580.6
1841,12.7916,580.7
1842,12.8015,580.8
1843,12.807,581
1844,12.8125,581.2
1845,12.8187,581.6
1846,12.8267,581.7
1847,12.8348,581.8
1848,12.84,582.2
1849,12.8505,582.4
1850,12.8547,582.6
1851,12.859,582.8
1852,12.8683,583
1853,12.8746,583
1854,12.8845,583
1855,12.8884,583
1856,12.8923,583
1857,12.9024,582.8
1858,12.9074,582.6
1859,12.9142,582.2
1860,12.9235,581.6
1861,12.9309,581.2
1862,12.94,580.6
1863,12.9446,580.3
1864,12.9491,580
1865,12.9591,579.4
1866,12.9641,579
1867,12.9692,578.6
1868,12.9765,578.45
1869,12.9839,578.3
1870,12.9912,578.15
1871,12.9986,578
1872,13.0059,577.95
1873,13.0133,577.9
1874,13.0207,577.85
1875,13.028,577.8
1876,13.0362,577.4
1877,13.0422,577.2
1878,13.0482,577
1879,13.055,576.867
1880,13.0617,576.733
1881,13.0685,576.6
1882,13.074,576.4
1883,13.0812,576.4
1884,13.0883,576.4
1885,13.0954,576.4
1886,13.1025,576.4
1887,13.1096,576.35
1888,13.1167,576.3
1889,13.1238,576.25
1890,13.1309,576.2
1891,13.1378,576.2
1892,13.1447,576.2
1893,13.1516,576.2
1894,13.1585,576.2
1895,13.1654,576.2
1896,13.1723,576.2
1897,13.1793,576.2
1898,13.1862,576.2
1899,13.1954,576.2
1900,13.2027,576.2
1901,13.2104,576.2
1902,13.2162,576.2
1903,13.2221,576.2
1904,13.2299,576.133
1905,13.2376,576.067
1906,13.2453,576
1907,13.2516,575.9
1908,13.2579,575.8
1909,13.2643,575.7
1910,13.2706,575.6
1911,13.2772,575.533
1912,13.2837,575.467
1913,13.2903,575.4
1914,13.2971,575.267
1915,13.3038,575.133
1916,13.3106,575
1917,13.3174,574.88
1918,13.3242,574.76
1919,13.331,574.64
1920,13.3379,574.52
1921,13.3447,574.4
1922,13.3524,574.2
1923,13.3601,574
1924,13.3678,573.8
1925,13.3755,573.667
1926,13.3832,573.533
1927,13.3909,573.4
1928,13.3975,573.133
1929,13.4041,572.867
1930,13.4107,572.6
1931,13.4183,571.6
1932,13.4249,571.35
1933,13.4315,571.1
1934,13.4382,570.85
1935,13.4448,570.6
1936,13.4514,570.45
1937,13.458,570.3
1938,13.4646,570.15
1939,13.4713,570
1940,13.4788,569.533
1941,13.4864,569.067
1942,13.494,568.6
1943,13.5007,568.36
1944,13.5074,568.12
1945,13.5142,567.88
1946,13.5209,567.64
1947,13.5276,567.4
1948,13.5343,567.24
1949,13.5411,567.08
1950,13.5478,566.92
1951,13.5545,566.76
1952,13.5613,566.6
1953,13.568,566.44
1954,13.5747,566.28
1955,13.5814,566.12
1956,13.5882,565.96
1957,13.5949,565.8
1958,13.6024,565.4
1959,13.6099,565
1960,13.6174,564.6
1961,13.6249,564.2
1962,13.6324,564
1963,13.6399,563.8
1964,13.6474,563.6
1965,13.6549,563.4
1966,13.6609,563.24
1967,13.6669,563.08
1968,13.6729,562.92
1969,13.6789,562.76
1970,13.6849,562.6
1971,13.6924,562.4
1972,13.6999,562.2
1973,13.7074,562
1974,13.7149,561.8
1975,13.7224,561.6
1976,13.7299,561.4
1977,13.7374,561.2
1978,13.7449,561
1979,13.7509,560.84
1980,13.7569,560.68
1981,13.7629,560.52
1982,13.7689,560.36
1983,13.7749,560.2
1984,13.7823,559.667
1985,13.7897,559.133
1986,13.7972,558.6
1987,13.806,557.8
1988,13.8148,557
1989,13.8215,556.64
1990,13.8282,556.28
1991,13.8349,555.92
1992,13.8415,555.56
1993,13.8482,555.2
1994,13.8549,555
1995,13.8615,554.8
1996,13.8682,554.6
1997,13.8749,554.4
1998,13.8816,554.2
1999,13.8882,554.04
2000,13.8949,553.88
2001,13.9016,553.72
2002,13.9083,553.56
2003,13.9149,553.4
2004,13.9217,552.8
2005,13.9284,552.2
2006,13.9351,551.6
2007,13.9418,551.267
2008,13.9486,550.933
2009,13.9553,550.6
2010,13.9643,550
2011,13.9732,549.4
2012,13.9822,548.8
2013,13.9889,548.5
2014,13.9957,548.2
2015,14.0024,547.9
2016,14.0091,547.6
2017,14.0154,547
2018,14.0216,546.4
2019,14.0278,545.8
2020,14.0341,545.467
2021,14.0403,545.133
2022,14.0465,544.8
2023,14.0545,544.35
2024,14.0625,543.9
2025,14.0705,543.45
2026,14.0785,543
2027,14.0849,542.8
2028,14.0913,542.6
2029,14.0977,542.4
2030,14.1041,542.2
2031,14.1105,542
2032,14.1187,541.1
2033,14.1269,540.2
2034,14.1335,539.667
2035,14.1402,539.133
2036,14.1468,538.6
2037,14.1544,536.8
2038,14.1606,536.4
2039,14.1668,536
2040,14.1731,535.6
2041,14.1793,535.2
2042,14.1872,534.3
2043,14.1951,533.4
2044,14.2018,532.867
2045,14.2086,532.333
2046,14.2154,531.8
2047,14.2224,531.267
2048,14.2294,530.733
2049,14.2364,530.2
2050,14.2435,529.933
2051,14.2505,529.667
2052,14.2575,529.4
2053,14.2641,528.933
2054,14.2706,528.467
2055,14.2771,528
2056,14.2874,526.6
2057,14.2939,526.133
2058,14.3004,525.667
2059,14.307,525.2
2060,14.3148,524.6
2061,14.3227,524
2062,14.3284,523.6
2063,14.3341,523.2
2064,14.3397,522.8
2065,14.3491,521.8
2066,14.3529,521
2067,14.3593,520.8
2068,14.3657,520.6
2069,14.3722,520.4
2070,14.3786,520.2
2071,14.3872,520.067
2072,14.3957,519.933
2073,14.4043,519.8
2074,14.4078,519.2
2075,14.417,518.6
2076,14.4261,517.8
2077,14.4328,517.4
2078,14.4375,516.8
2079,14.4436,516.5
2080,14.4498,516.2
2081,14.4617,515.6
2082,14.4678,515.333
2083,14.474,515.067
2084,14.4801,514.8
2085,14.486,514.533
2086,14.4918,514.267
2087,14.4977,514
2088,14.5043,513
2089,14.511,512.4
2090,14.5214,510.6
2091,14.5296,509.9
2092,14.5377,509.2
2093,14.5446,508.88
2094,14.5514,508.56
2095,14.5582,508.24
2096,14.5651,507.92
2097,14.5719,507.6
2098,14.5787,507.44
2099,14.5856,507.28
2100,14.5924,507.12
2101,14.5992,506.96
2102,14.6061,506.8
2103,14.6135,506
2104,14.621,505.2
2105,14.6271,504.667
2106,14.6332,504.133
2107,14.6393,503.6
2108,14.6457,502.2
2109,14.6513,501.6
2110,14.6569,501
2111,14.6637,500.6
2112,14.6705,500.2
2113,14.6795,498.8
2114,14.6861,498.533
2115,14.6928,498.267
2116,14.6994,498
2117,14.7058,497.6
2118,14.713,497.4
2119,14.7257,498
2120,14.7304,498.267
2121,14.7351,498.533
2122,14.7455,499.6
2123,14.7526,500.2
2124,14.7596,500.8
2125,14.7611,502
2126,14.7708,502.7
2127,14.7805,503.4
2128,14.787,503.667
2129,14.7935,503.933
2130,14.8,504.2
2131,14.808,505.4
2132,14.814,506.1
2133,14.82,506.8
2134,14.8272,507.2
2135,14.8344,507.6
2136,14.8415,508
2137,14.8493,508.5
2138,14.857,509
2139,14.863,509.3
2140,14.869,509.6
2141,14.8751,509.9
2142,14.8811,510.2
2143,14.8881,510.6
2144,14.8952,511
2145,14.9023,511.15
2146,14.9093,511.3
2147,14.9164,511.45
2148,14.927,512.2
2149,14.9338,512.24
2150,14.9406,512.28
2151,14.9473,512.32
2152,14.9541,512.36
2153,14.9609,512.4
2154,14.9667,512.45
2155,14.9725,512.5
2156,14.9784,512.55
2157,14.9842,512.6
2158,14.991,512.667
2159,14.9978,512.733
2160,15.0046,512.8
2161,15.0141,512.8
2162,15.0236,512.8
2163,15.0304,512.733
2164,15.0372,512.667
2165,15.044,512.6
2166,15.0506,512.467
2167,15.0572,512.333
2168,15.0638,512.2
2169,15.068,511.8
2170,15.0772,511.6
2171,15.0863,511.4
2172,15.0922,511.2
2173,15.0981,511
2174,15.104,510.8
2175,15.1089,510.2
2176,15.1177,509.9
2177,15.1265,509.6
2178,15.1324,509.533
2179,15.1383,509.467
2180,15.1442,509.4
2181,15.1521,509.2
2182,15.1599,509
2183,15.1678,508.8
2184,15.1737,508.75
2185,15.1796,508.7
2186,15.1855,508.65
2187,15.1915,508.6
2188,15.1997,508.5
2189,15.208,508.4
2190,15.2163,508.3
2191,15.2245,508.2
2192,15.2318,508.067
2193,15.2391,507.933
2194,15.2464,507.8
2195,15.2518,507.75
2196,15.2573,507.7
2197,15.2627,507.65
2198,15.2682,507.6
2199,15.2775,507.6
2200,15.2868,507.6
2201,15.295,507.6
2202,15.3021,507.8
2203,15.3089,507.6
2204,15.3161,507.4
2205,15.3232,507
2206,15.3297,506
2207,15.3364,505.8
2208,15.343,505.6
2209,15.3494,505.4
2210,15.3558,505.2
2211,15.3617,505
2212,15.3676,504.8
2213,15.3776,504.8
2214,15.3843,504.867
2215,15.3909,504.933
2216,15.3975,505
2217,15.4043,505.067
2218,15.4111,505.133
2219,15.419,505.8
2220,15.4253,506
2221,15.4315,506.2
2222,15.4377,506.4
2223,15.4458,509
2224,15.452,509.32
2225,15.4583,509.64
2226,15.4645,509.96
2227,15.4707,510.28
2228,15.4769,510.6
2229,15.4847,510.85
2230,15.4925,511.1
2231,15.5003,511.35
2232,15.5081,511.6
2233,15.5157,512.2
2234,15.5234,512.8
2235,15.531,513.4
2236,15.5367,513.65
2237,15.5425,513.9
2238,15.5482,514.15
2239,15.554,514.4
2240,15.5616,514.9
2241,15.5692,515.4
2242,15.5768,515.9
2243,15.5844,516.4
2244,15.5915,517
2245,15.5985,517.6
2246,15.6056,518.2
2247,15.6123,518.8
2248,15.6189,519.4
2249,15.6256,520
2250,15.6318,520.45
2251,15.638,520.9
2252,15.6442,521.35
2253,15.6504,521.8
2254,15.6585,522.5
2255,15.6666,523.2
2256,15.6743,523.6
2257,15.6819,524
2258,15.6896,524.4
2259,15.6969,524.65
2260,15.7043,524.9
2261,15.7117,525.15
2262,15.7191,525.4
2263,15.7259,525.56
2264,15.7327,525.72
2265,15.7395,525.88
2266,15.7462,526.04
2267,15.753,526.2
2268,15.7586,526.467
2269,15.7642,526.733
2270,15.7698,527
2271,15.7776,527.267
2272,15.7853,527.533
2273,15.793,527.8
2274,15.8007,528.1
2275,15.8085,528.4
2276,15.8152,528.667
2277,15.8218,528.933
2278,15.8285,529.2
2279,15.8362,529.5
2280,15.8439,529.8
2281,15.8507,529.96
2282,15.8574,530.12
2283,15.8641,530.28
2284,15.8708,530.44
2285,15.8775,530.6
2286,15.8848,530.867
2287,15.8921,531.133
2288,15.8994,531.4
2289,15.9048,531.5
2290,15.9103,531.6
2291,15.9158,531.7
2292,15.9212,531.8
2293,15.93,532.067
2294,15.9388,532.333
2295,15.9476,532.6
2296,15.9542,532.7
2297,15.9608,532.8
2298,15.9674,532.9
2299,15.974,533
2300,15.9822,533.8
2301,15.989,534.2
2302,15.9958,534.6
2303,16.0004,535
2304,16.0049,535.4
2305,16.0116,535.667
2306,16.0183,535.933
2307,16.0249,536.2
2308,16.0345,536.6
2309,16.0449,537.6
2310,16.0521,537.867
2311,16.0592,538.133
2312,16.0663,538.4
2313,16.0716,538.5
2314,16.077,538.6
2315,16.0823,538.7
2316,16.0877,538.8
2317,16.0945,539.1
2318,16.1031,540
2319,16.1123,540.3
2320,16.1216,540.6
2321,16.1254,541.2
2322,16.1321,541.8
2323,16.1376,542.1
2324,16.144,543
2325,16.1517,543.8
2326,16.1576,544.6
2327,16.1654,545.4
2328,16.1738,546.2
2329,16.1837,548.2
2330,16.1909,548.7
2331,16.198,549.2
2332,16.2019,549.8
2333,16.2058,550.4
2334,16.2153,551.4
2335,16.2228,551.7
2336,16.2302,552
2337,16.2377,552.3
2338,16.2452,552.6
2339,16.249,553.8
2340,16.2562,554.4
2341,16.2633,555
2342,16.2728,556
2343,16.2799,556.4
2344,16.2871,556.8
2345,16.2942,557.2
2346,16.3013,557.4
2347,16.3085,557.6
2348,16.3156,557.8
2349,16.3203,558.3
2350,16.3251,558.8
2351,16.3317,559.8
2352,16.3426,560.6
2353,16.3464,561.2
2354,16.3524,561.5
2355,16.3584,561.8
2356,16.3666,562.4
2357,16.3755,562.6
2358,16.3822,562.8
2359,16.3902,563
2360,16.3958,563
2361,16.403,562.8
2362,16.4106,562.8
2363,16.416,562.7
2364,16.4215,562.6
2365,16.4315,562.6
2366,16.4394,562.6
2367,16.4472,562.6
2368,16.455,562.6
2369,16.4616,562.6
2370,16.4682,562.6
2371,16.4748,562.6
2372,16.4814,562.6
2373,16.488,562.6
2374,16.4945,562.64
2375,16.501,562.68
2376,16.5075,562.72
2377,16.514,562.76
2378,16.5205,562.8
2379,16.5286,562.933
2380,16.5367,563.067
2381,16.5448,563.2
2382,16.5506,563.5
2383,16.5563,563.8
2384,16.5627,564.067
2385,16.569,564.333
2386,16.5754,564.6
2387,16.5846,565.4
2388,16.5909,565.6
2389,16.5973,565.8
2390,16.6036,566
2391,16.61,566.2
2392,16.6163,566.4
2393,16.6246,566.65
2394,16.6329,566.9
2395,16.6412,567.15
2396,16.6495,567.4
2397,16.6534,567.9
2398,16.6573,568.4
2399,16.6643,569.2
2400,16.6742,569.8
2401,16.6833,570.2
2402,16.6896,570.4
2403,16.696,570.6
2404,16.7016,571
2405,16.7083,571.05
2406,16.715,571.1
2407,16.7216,571.15
2408,16.7283,571.2
2409,16.7371,571.3
2410,16.746,571.4
2411,16.7513,571.5
2412,16.7566,571.6
2413,16.7646,571.8
2414,16.7727,571.8
2415,16.7775,572
2416,16.7822,572.2
2417,16.791,572.3
2418,16.7997,572.4
2419,16.805,572.7
2420,16.8102,573
2421,16.8216,573.6
2422,16.8282,573.8
2423,16.8348,574
2424,16.8414,574.2
2425,16.848,574.4
2426,16.8544,574.667
2427,16.8607,574.933
2428,16.867,575.2
2429,16.8762,576.2
2430,16.8819,576.7
2431,16.8875,577.2
2432,16.8946,577.5
2433,16.9016,577.8
2434,16.9087,578.1
2435,16.9158,578.4
2436,16.925,579.4
2437,16.9309,580
2438,16.9369,580.6
2439,16.9435,581
2440,16.9501,581.4
2441,16.9566,581.8
2442,16.9665,582.4
2443,16.9763,583
2444,16.9778,584.2
2445,16.9852,584.533
2446,16.9926,584.867
2447,17,585.2
2448,17.0074,585.4
2449,17.0148,585.6
2450,17.0222,585.8
2451,17.0291,586.1
2452,17.036,586.4
2453,17.043,586.7
2454,17.0499,587
2455,17.0568,587.1
2456,17.0637,587.2
2457,17.0707,587.3
2458,17.0776,587.4
2459,17.085,587.7
2460,17.0924,588
2461,17.0998,588.3
2462,17.1071,588.6
2463,17.113,588.72
2464,17.119,588.84
2465,17.1249,588.96
2466,17.1308,589.08
2467,17.1367,589.2
2468,17.1447,589.533
2469,17.1527,589.867
2470,17.1607,590.2
2471,17.1669,590.467
2472,17.173,590.733
2473,17.1792,591
2474,17.1874,591.267
2475,17.1957,591.533
2476,17.2039,591.8
2477,17.2085,592
2478,17.2132,592.2
2479,17.2251,592.4
2480,17.2309,592.4
2481,17.2367,592.4
2482,17.2425,592.4
2483,17.2483,592.4
2484,17.2561,592.4
2485,17.2638,592.4
2486,17.2715,592.4
2487,17.2795,592.267
2488,17.2875,592.133
2489,17.2954,592
2490,17.3014,591.95
2491,17.3074,591.9
2492,17.3134,591.85
2493,17.3194,591.8
2494,17.3261,591.65
2495,17.3329,591.5
2496,17.3396,591.35
2497,17.3464,591.2
2498,17.3532,591.1
2499,17.3599,591
2500,17.3667,590.9
2501,17.3735,590.8
2502,17.3806,590.6
2503,17.3877,590.4
2504,17.3948,590.2
2505,17.402,590
2506,17.4091,589.9
2507,17.4162,589.8
2508,17.4233,589.7
2509,17.4304,589.6
2510,17.4377,589.4
2511,17.445,589.2
2512,17.4523,589
2513,17.4596,588.8
2514,17.4669,588.65
2515,17.4742,588.5
2516,17.4815,588.35
2517,17.4888,588.2
2518,17.496,588
2519,17.5032,587.8
2520,17.5104,587.6
2521,17.5176,587.4
2522,17.5234,587.32
2523,17.5291,587.24
2524,17.5349,587.16
2525,17.5407,587.08
2526,17.5465,587
2527,17.5554,586.8
2528,17.5643,586.6
2529,17.5732,586.4
2530,17.5798,586.3
2531,17.5865,586.2
2532,17.5932,586.1
2533,17.5999,586
2534,17.6066,585.9
2535,17.6134,585.8
2536,17.6202,585.7
2537,17.627,585.6
2538,17.6337,585.55
2539,17.6405,585.5
2540,17.6472,585.45
2541,17.654,585.4
2542,17.6604,585.36
2543,17.6667,585.32
2544,17.673,585.28
2545,17.6794,585.24
2546,17.6857,585.2
2547,17.6936,585.2
2548,17.7016,585.2
2549,17.7095,585.2
2550,17.7174,585.2
2551,17.7235,585.2
2552,17.7296,585.2
2553,17.7358,585.2
2554,17.7419,585.2
2555,17.748,585.2
2556,17.7557,585.2
2557,17.7633,585.2
2558,17.771,585.2
2559,17.7786,585.2
2560,17.7855,585.25
2561,17.7923,585.3
2562,17.7992,585.35
2563,17.806,585.4
2564,17.8129,585.45
2565,17.8198,585.5
2566,17.8266,585.55
2567,17.8335,585.6
2568,17.8404,585.7
2569,17.8474,585.8
2570,17.8543,585.9
2571,17.8613,586
2572,17.8682,586.05
2573,17.8752,586.1
2574,17.8821,586.15
2575,17.8891,586.2
2576,17.8957,586.267
2577,17.9024,586.333
2578,17.9091,586.4
2579,17.9158,586.467
2580,17.9225,586.533
2581,17.9291,586.6
2582,17.9377,586.8
2583,17.9435,586.8
2584,17.9521,586.8
2585,17.9627,586.2
2586,17.9683,585.6
2587,17.9732,585
2588,17.9775,584.2
2589,17.988,582.4
2590,17.9938,581.4
2591,17.9994,580.2
2592,18.0062,579
2593,18.0144,578.6
2594,18.0226,578.2
2595,18.0309,577.8
2596,18.0371,577.6
2597,18.0433,577.4
2598,18.0495,577.2
2599,18.0556,577
2600,18.0635,576.7
2601,18.0713,576.4
2602,18.0791,576.1
2603,18.087,575.8
2604,18.0935,575.5
2605,18.1001,575.2
2606,18.1067,574.9
2607,18.1133,574.6
2608,18.1196,574.36
2609,18.1258,574.12
2610,18.1321,573.88
2611,18.1383,573.64
2612,18.1446,573.4
2613,18.1512,573.067
2614,18.1578,572.733
2615,18.1644,572.4
2616,18.1743,572.1
2617,18.1842,571.8
2618,18.1909,571.533
2619,18.1975,571.267
2620,18.2042,571
2621,18.2111,570.84
2622,18.2179,570.68
2623,18.2248,570.52
2624,18.2317,570.36
2625,18.2385,570.2
2626,18.2454,570.12
2627,18.2522,570.04
2628,18.2591,569.96
2629,18.2659,569.88
2630,18.2728,569.8
2631,18.2796,569.72
2632,18.2865,569.64
2633,18.2934,569.56
2634,18.3002,569.48
2635,18.3071,569.4
2636,18.3139,569.32
2637,18.3208,569.24
2638,18.3276,569.16
2639,18.3345,569.08
2640,18.3413,569
2641,18.3478,568.92
2642,18.3543,568.84
2643,18.3608,568.76
2644,18.3673,568.68
2645,18.3738,568.6
2646,18.3819,568.55
2647,18.39,568.5
2648,18.3981,568.45
2649,18.4062,568.4
2650,18.4127,568.4
2651,18.4191,568.4
2652,18.4256,568.4
2653,18.4321,568.4
2654,18.4386,568.4
2655,18.4459,568.3
2656,18.4533,568.2
2657,18.4587,568.1
2658,18.4642,568
2659,18.4706,568
2660,18.477,568
2661,18.488,568
2662,18.4962,568
2663,18.5008,568
2664,18.5055,568
2665,18.5177,567.8
2666,18.5239,567.8
2667,18.53,567.8
2668,18.5357,567.7
2669,18.5413,567.6
2670,18.5491,567.2
2671,18.556,567
2672,18.5629,566.8
2673,18.5694,566.65
2674,18.5759,566.5
2675,18.5825,566.35
2676,18.589,566.2
2677,18.5981,565.9
2678,18.6073,565.6
2679,18.6133,565.533
2680,18.6194,565.467
2681,18.6255,565.4
2682,18.6327,564.8
2683,18.6394,564.533
2684,18.646,564.267
2685,18.6527,564
2686,18.6592,563.733
2687,18.6657,563.467
2688,18.6722,563.2
2689,18.6808,562.8
2690,18.6895,562.4
2691,18.6958,562.133
2692,18.7021,561.867
2693,18.712,560.8
2694,18.7192,560.4
2695,18.7264,560
2696,18.7316,559.667
2697,18.7368,559.333
2698,18.742,559
2699,18.7492,558.6
2700,18.7565,558.2
2701,18.7638,558
2702,18.7712,557.8
2703,18.7785,557.6
2704,18.7881,556.8
2705,18.795,556.6
2706,18.8018,556.4
2707,18.8087,556.2
2708,18.815,556.05
2709,18.8213,555.9
2710,18.8276,555.75
2711,18.8339,555.6
2712,18.8414,555.4
2713,18.8488,555.2
2714,18.8545,555
2715,18.8601,554.8
2716,18.8668,554.7
2717,18.8736,554.6
2718,18.8824,554.6
2719,18.8912,554.6
2720,18.9001,554.6
2721,18.9051,554.6
2722,18.9102,554.6
2723,18.9153,554.6
2724,18.9273,554.6
2725,18.9341,554.7
2726,18.9409,554.8
2727,18.945,555
2728,18.9491,555.2
2729,18.9573,555.4
2730,18.9674,555.8
2731,18.9727,556.1
2732,18.9779,556.4
2733,18.9889,556.8
2734,18.9935,557.2
2735,18.9982,557.6
2736,19.0055,557.8
2737,19.0128,558
2738,19.0201,558.2
2739,19.0296,558.6
2740,19.0391,559
2741,19.0447,559.267
2742,19.0502,559.533
2743,19.0596,560.6
2744,19.0643,560.9
2745,19.0691,561.2
2746,19.0756,561.467
2747,19.0822,561.733
2748,19.0887,562
2749,19.0985,562.2
2750,19.1084,562.4
2751,19.1153,562.56
2752,19.1222,562.72
2753,19.1291,562.88
2754,19.136,563.04
2755,19.1429,563.2
2756,19.1498,564.8
2757,19.157,565.4
2758,19.164,566
2759,19.1679,566.4
2760,19.1717,566.8
2761,19.1788,567.2
2762,19.1914,568.2
2763,19.1961,568.6
2764,19.2052,569.2
2765,19.2108,569.4
2766,19.2155,569.4
2767,19.2201,569.4
2768,19.2294,569.4
2769,19.2358,569.4
2770,19.2421,569.4
2771,19.253,569.2
2772,19.2592,569.1
2773,19.2654,569
2774,19.2731,568.8
2775,19.2808,568.6
2776,19.2876,568.4
2777,19.2944,568.2
2778,19.3023,568
2779,19.3102,567.8
2780,19.3157,567.667
2781,19.3212,567.533
2782,19.3268,567.4
2783,19.3352,567.1
2784,19.3435,566.8
2785,19.3503,566.72
2786,19.357,566.64
2787,19.3637,566.56
2788,19.3704,566.48
2789,19.3771,566.4
2790,19.3838,566.36
2791,19.3906,566.32
2792,19.3973,566.28
2793,19.404,566.24
2794,19.4107,566.2
2795,19.4174,566.16
2796,19.4242,566.12
2797,19.4309,566.08
2798,19.4376,566.04
2799,19.4443,566
2800,19.4516,565.8
2801,19.4589,565.6
2802,19.4662,565.467
2803,19.4736,565.333
2804,19.481,565.2
2805,19.487,565.067
2806,19.4929,564.933
2807,19.4989,564.8
2808,19.5085,564.7
2809,19.5181,564.6
2810,19.5248,564.5
2811,19.5315,564.4
2812,19.5382,564.3
2813,19.5449,564.2
2814,19.5501,564.067
2815,19.5554,563.933
2816,19.5606,563.8
2817,19.569,563.6
2818,19.5774,563.4
2819,19.5845,563.267
2820,19.5915,563.133
2821,19.5986,563
2822,19.6056,562.867
2823,19.6127,562.733
2824,19.6197,562.6
2825,19.6275,562.333
2826,19.6352,562.067
2827,19.6429,561.8
2828,19.6488,561.7
2829,19.6546,561.6
2830,19.6604,561.5
2831,19.6662,561.4
2832,19.6731,560.9
2833,19.68,560.4
2834,19.6872,560
2835,19.6945,559.6
2836,19.7017,559.2
2837,19.7096,558.7
2838,19.7175,558.2
2839,19.7245,557.85
2840,19.7314,557.5
2841,19.7384,557.15
2842,19.7453,556.8
2843,19.7523,556.52
2844,19.7592,556.24
2845,19.7661,555.96
2846,19.773,555.68
2847,19.7813,554
2848,19.7878,553.65
2849,19.7943,553.3
2850,19.8008,552.95
2851,19.8073,552.6
2852,19.8138,552.45
2853,19.8203,552.3
2854,19.8268,552.15
2855,19.8333,552
2856,19.8404,550.8
2857,19.847,550.55
2858,19.8537,550.3
2859,19.8604,550.05
2860,19.8671,549.8
2861,19.8738,549.7
2862,19.8805,549.6
2863,19.8872,549.5
2864,19.8939,549.4
2865,19.9028,549.267
2866,19.9117,549.133
2867,19.9206,549
2868,19.9274,548.733
2869,19.9342,548.467
2870,19.941,548.2
2871,19.9473,548.05
2872,19.9537,547.9
2873,19.96,547.75
2874,19.9663,547.6
2875,19.9727,547.55
2876,19.979,547.5
2877,19.9854,547.45
2878,19.9917,547.4
2879,20.0044,547
2880,20.0091,547
2881,20.0185,547.6
2882,20.0232,548.2
2883,20.0274,549
2884,20.0339,549.5
2885,20.0405,550
2886,20.0519,551.2
2887,20.0574,551.9
2888,20.0628,552.6
2889,20.0715,553.3
2890,20.0801,554
2891,20.083,555.6
2892,20.0911,556.267
2893,20.0993,556.933
2894,20.1075,557.6
2895,20.1144,558.1
2896,20.1214,558.6
2897,20.1283,559.1
2898,20.1353,559.6
2899,20.1422,559.85
2900,20.1492,560.1
2901,20.1561,560.35
2902,20.163,560.6
2903,20.1689,561.6
2904,20.1748,562.6
2905,20.1813,563.6
2906,20.1879,564.6
2907,20.194,565.5
2908,20.2001,566.4
2909,20.2121,568.2
2910,20.2177,569
2911,20.2234,569.8
2912,20.2312,571
2913,20.2389,572.2
2914,20.2451,572.8
2915,20.2513,573.4
2916,20.2582,573.8
2917,20.2651,574.2
2918,20.2713,574.5
2919,20.2776,574.8
2920,20.2837,575
2921,20.2913,575.6
2922,20.3014,575.8
2923,20.306,575.8
2924,20.3106,575.8
2925,20.3189,575.8
2926,20.3289,575.8
2927,20.335,575.7
2928,20.341,575.6
2929,20.3509,575.4
2930,20.3583,575.2
2931,20.3658,575
2932,20.3727,574.933
2933,20.3796,574.867
2934,20.3865,574.8
2935,20.3932,574.7
2936,20.3999,574.6
2937,20.4065,574.533
2938,20.413,574.467
2939,20.4196,574.4
2940,20.4255,574.4
2941,20.4315,574.4
2942,20.4374,574.4
2943,20.4433,574.4
2944,20.4563,574.6
2945,20.4611,574.8
2946,20.468,575
2947,20.4731,575.2
2948,20.4782,575.4
2949,20.4882,575.8
2950,20.4949,576.1
2951,20.5016,576.4
2952,20.508,576.7
2953,20.5144,577
2954,20.5234,577.6
2955,20.53,578.4
2956,20.5357,579.2
2957,20.5463,580.8
2958,20.5503,581.1
2959,20.5543,581.4
2960,20.5628,582.2
2961,20.5682,582.8
2962,20.5794,584
2963,20.5865,584.4
2964,20.5945,584.6
2965,20.5984,584.7
2966,20.6086,585
2967,20.6101,585
2968,20.6189,584.933
2969,20.6277,584.867
2970,20.6365,584.8
2971,20.6431,584.75
2972,20.6497,584.7
2973,20.6563,584.65
2974,20.6629,584.6
2975,20.6685,584.4
2976,20.6763,584.2
2977,20.6822,584.067
2978,20.688,583.933
2979,20.6939,583.8
2980,20.7052,583.4
2981,20.7087,583
2982,20.7164,582.8
2983,20.7226,582.733
2984,20.7288,582.667
2985,20.7351,582.6
2986,20.742,582.5
2987,20.754,582.2
2988,20.7587,582.1
2989,20.7633,582
2990,20.7716,582
2991,20.7798,582.2
2992,20.7871,582.2
2993,20.7947,582.4
2994,20.7998,582.6
2995,20.8083,582.8
2996,20.8147,583
2997,20.8208,583.2
2998,20.8298,583.6
2999,20.8368,584
3000,20.8446,584.4
3001,20.8502,584.6
3002,20.8547,585
3003,20.8616,585.2
3004,20.8712,585.6
3005,20.8769,586
3006,20.8845,586.4
3007,20.8902,586.533
3008,20.8958,586.667
3009,20.9024,587.2
3010,20.9088,587.5
3011,20.9151,587.8
3012,20.9257,588.2
3013,20.932,588.32
3014,20.9383,588.44
3015,20.9446,588.56
3016,20.9509,588.68
3017,20.9572,588.8
3018,20.9651,588.85
3019,20.973,588.9
3020,20.9808,588.95
3021,20.9887,589
3022,20.995,589
3023,21.0013,589
3024,21.0076,589
3025,21.0139,589
3026,21.0202,589
3027,21.0281,589
3028,21.036,589
3029,21.0439,589
3030,21.0518,589
3031,21.0581,589
3032,21.0644,589
3033,21.0707,589
3034,21.077,589
3035,21.0833,589
3036,21.0912,588.95
3037,21.0991,588.9
3038,21.1069,588.85
3039,21.1148,588.8
3040,21.1191,588.4
3041,21.1271,588.3
3042,21.135,588.2
3043,21.143,588.1
3044,21.151,588
3045,21.1573,587.96
3046,21.1637,587.92
3047,21.1701,587.88
3048,21.1765,587.84
3049,21.1828,587.8
3050,21.1892,587.8
3051,21.1956,587.8
3052,21.202,587.8
3053,21.2083,587.8
3054,21.2147,587.8
3055,21.2227,587.75
3056,21.2307,587.7
3057,21.2387,587.65
3058,21.2468,587.6
3059,21.2532,587.64
3060,21.2596,587.68
3061,21.266,587.72
3062,21.2724,587.76
3063,21.2788,587.8
3064,21.2852,587.84
3065,21.2916,587.88
3066,21.2981,587.92
3067,21.3045,587.96
3068,21.3109,588
3069,21.3189,588.1
3070,21.3269,588.2
3071,21.3349,588.3
3072,21.3429,588.4
3073,21.3494,588.48
3074,21.3558,588.56
3075,21.3622,588.64
3076,21.3686,588.72
3077,21.375,588.8
3078,21.3819,589.04
3079,21.3888,589.28
3080,21.3957,589.52
3081,21.4026,589.76
3082,21.4095,590
3083,21.4173,590.35
3084,21.4252,590.7
3085,21.4331,591.05
3086,21.4409,591.4
3087,21.4472,591.56
3088,21.4535,591.72
3089,21.4598,591.88
3090,21.4661,592.04
3091,21.4724,592.2
3092,21.4803,592.4
3093,21.4881,592.6
3094,21.496,592.8
3095,21.5038,593
3096,21.5101,593.08
3097,21.5164,593.16
3098,21.5227,593.24
3099,21.529,593.32
3100,21.5353,593.4
3101,21.542,593.6
3102,21.5487,593.8
3103,21.5554,594
3104,21.562,594.067
3105,21.5687,594.133
3106,21.5754,594.2
3107,21.5829,594.25
3108,21.5905,594.3
3109,21.5981,594.35
3110,21.6056,594.4
3111,21.6132,594.45
3112,21.6207,594.5
3113,21.6283,594.55
3114,21.6359,594.6
3115,21.6418,594.64
3116,21.6477,594.68
3117,21.6536,594.72
3118,21.6595,594.76
3119,21.6654,594.8
3120,21.6728,594.85
3121,21.6801,594.9
3122,21.6875,594.95
3123,21.6949,595
3124,21.7016,595.05
3125,21.7083,595.1
3126,21.7151,595.15
3127,21.7218,595.2
